,AMSS,Predictions
0,AMSS4,"['bird_00075', 0.020203232765197754, 'bird_00075', 0.02149977907538414, 'bird_00075', 0.05129025876522064, 'bird_00069', 0.10646381229162216]"
1,AMSS2,"['bird_00075', 0.01793866604566574, 'bird_00069', 0.0057005020789802074]"
2,AMSS,"['bird_00075', 0.01793866604566574]"
